<class>
	<keyword> class </keyword>
	<identifier> Main </identifier>
	<symbol> { </symbol>
	<subroutineDec>
		<keyword> function </keyword>
		<keyword> void </keyword>
		<identifier> main </identifier>
		<symbol> ( </symbol>
		<parameterList>
		</parameterList>
		<symbol> ) </symbol>
		<subroutineBody>
			<symbol> { </symbol>
			<statements>
				<doStatement>
					<keyword> do </keyword>
					<identifier> Output </identifier>
					<symbol> . </symbol>
					<identifier> printInt </identifier>
					<symbol> ( </symbol>
					<expressionList>
						<expression>
							<term>
								<integerConstant> 1 </integerConstant>
							</term>
							<symbol> + </symbol>
							<term>
								<symbol> ( </symbol>
								<expression>
									<term>
										<integerConstant> 2 </integerConstant>
									</term>
									<symbol> * </symbol>
									<term>
										<integerConstant> 3 </integerConstant>
									</term>
								</expression>
								<symbol> ) </symbol>
							</term>
						</expression>
					</expressionList>
					<symbol> ) </symbol>
					<symbol> ; </symbol>
				</doStatement>
				<returnStatement>
					<keyword> return </keyword>
					<symbol> ; </symbol>
				</returnStatement>
			</statements>
			<symbol> } </symbol>
		</subroutineBody>
	</subroutineDec>
	<symbol> } </symbol>
</class>